Site_ID,azimuth
EllerbeClub,99.60800522778685
EllerbeGlenn,64.43502785958822
NHC,151.41153469934795
